Objets,Références,prix,image
Cube d'activités,https://fr.shop-orchestra.com/fr/puericulture/jouets/jouets-0-2-ans/jouets-dactivites/cube-d39activites-en-tissu-ocean-PJQA8M.html?gclsrc=aw.ds&&wiz_source=google&wiz_medium=cpc&wiz_campaign=18722872932&wiz_term=&gad_source=1&gad_campaignid=18730219121&gclid=CjwKCAjwsZPDBhBWEiwADuO6yy9Re9YJHMiuiDNiK9DWu1foVEgMEf94QgC_COCflcBmgbnTbzDPHxoCZBMQAvD_BwE,19.99,https://fr.shop-orchestra.com/on/demandware.static/-/Sites-orchestra-master/default/dw36b68592/images/view/P/J/Q/A/8/PJQA8M_NoColor_1_X.jpg
Livres,https://www.amazon.fr/petite-biblioth%C3%A8que-naissance-jeunesse-tout-carton/dp/2324033852/ref=asc_df_2324033852?mcid=d695b8224cba3b6a9616ef3be7add447&tag=googshopfr-21&linkCode=df0&hvadid=701478948633&hvpos=&hvnetw=g&hvrand=10847727196179960032&hvpone=&hvptwo=&hvqmt=&hvdev=c&hvdvcmdl=&hvlocint=&hvlocphy=9055733&hvtargid=pla-2196715183876&psc=1&hvocijid=10847727196179960032-2324033852-&hvexpln=0,16.95,https://m.media-amazon.com/images/I/61CW2lOzhcL.jpg
jeu d'éveils, https://www.amazon.fr/URMYWO-Montessori-Contraste-Sensoriel-Naissance/dp/B0CFZX62BY/ref=asc_df_B0CFZX62BY?mcid=2f2d51bb4be033f598483b80fce8f3de&tag=googshopfr-21&linkCode=df0&hvadid=701508093987&hvpos=&hvnetw=g&hvrand=10847727196179960032&hvpone=&hvptwo=&hvqmt=&hvdev=c&hvdvcmdl=&hvlocint=&hvlocphy=9055733&hvtargid=pla-2268492236554&hvocijid=10847727196179960032-B0CFZX62BY-&hvexpln=0&th=1,8.99,https://m.media-amazon.com/images/I/81txRxXd48L._AC_SL1500_.jpg
Livre d'éveil en tissu - Océan,https://fr.shop-orchestra.com/fr/puericulture/jouets/jouets-0-2-ans/jouets-deveil/livre-d39eveil-en-tissu---ocean-PJQA8L.html?wiz_source=google&wiz_medium=cpc&wiz_campaign=18722872932&wiz_term=&gad_campaignid=18730219121,19.99,https://fr.shop-orchestra.com/on/demandware.static/-/Sites-orchestra-master/default/dwfd5ce353/images/view/P/J/Q/A/8/PJQA8L_NoColor_1_X.jpg
Coffret d'éveil sensoriel de Formula Baby,https://www.aubert.com/p/01182467/coffret-d-eveil-sensoriel-formula-baby?gad_campaignid=20114152962,34.90,https://www.aubert.com/medias/sys_aubert/root/h9b/hcc/10705893720094/550Wx550H-01182467-1.jpg
drap house lit au sol,https://www.vertbaudet.fr/drap-housse-enfant-abecedaire-marin-ivoire-imprime.htm?ProductId=704060707&FiltreCouleur=6346&FiltreTaille=90X200&cmpid=SEA_GS_Linge_High_performers&gad_source=1&gad_campaignid=22911616746&gclid=CjwKCAjwxfjGBhAUEiwAKWPwDrZuQMGCrTwVStSgAktIhUElAB2XMz5H13nV4skPPdGPoRLDxuYiMhoCK6YQAvD_BwE,19.99,https://www.vertbaudet.fr/fstrz/r/s/media.vertbaudet.fr/Pictures/vertbaudet/159273/drap-housse-enfant-abecedaire-marin.jpg?width=457?width=1320
sac à dos mam,https://fr.shop-orchestra.com/fr/puericulture/jouets/scolaire/cartables-sacs-a-dos/sac-a-dos-isotherme-imprime-dinosaures-PRF2CZ.html?dwvar_PRF2CZ_orc_color=NoColor&dwvar_PRF2CZ_orc_size=WEB-0000297,17.99,https://fr.shop-orchestra.com/on/demandware.static/-/Sites-orchestra-master/default/dw210f355d/images/view/P/R/F/2/C/PRF2CZ_NoColor_1_X.jpg
rétroviseur voiture x2,https://fr.shop-orchestra.com/fr/puericulture/auto/accessoires-auto/retroviseur-avec-led---arthur-PAUCEN.html?dwvar_PAUCEN_orc_color=NoColor&dwvar_PAUCEN_orc_size=WEB-0000297,24.99,https://fr.shop-orchestra.com/on/demandware.static/-/Sites-orchestra-master/default/dw533cf594/images/view/P/A/U/C/E/PAUCEN_NoColor_1_X.jpg
tapis d'eau sensoriel, https://fr.shop-orchestra.com/fr/puericulture/jouets/jouets-0-2-ans/jouets-deveil/tapis-d39eau-sensoriel-PJPPWU.html?dwvar_PJPPWU_orc_color=NoColor&dwvar_PJPPWU_orc_size=WEB-0000297, 10.99, https://fr.shop-orchestra.com/on/demandware.static/-/Sites-orchestra-master/default/dw2178e06c/images/view/P/J/P/P/W/PJPPWU_NoColor_1_X.jpg
chariot de marche, https://www.vertbaudet.fr/chariot-de-marche-avec-freins-en-bois-fsc-tanzanie.htm?ProductId=620030665&FiltreCouleur=0301&FiltreTaille=TU&cmpid=SEA_GS_Jouet_High_performers&gad_source=1&gad_campaignid=22911616746&gclid=Cj0KCQjwgKjHBhChARIsAPJR3xc8VLDWlhBrXbPLpGUc20TI6nGDNiOeVN4U5a7mgyn4dDvG0H7sYkwaAqUnEALw_wcB,69.99, https://www.vertbaudet.fr/fstrz/r/s/media.vertbaudet.fr/Pictures/vertbaudet/369113/chariot-de-marche-avec-freins-en-bois-fsc.jpg?width=457?width=1320
coffret repas https://fr.shop-orchestra.com/fr/puericulture/repas/a-table/vaisselle/coffret-repas-en-silicone-4-pieces---vert-PRF39U.html?dwvar_PRF39U_orc_color=NoColor&dwvar_PRF39U_orc_size=WEB-0000297,35.99, https://fr.shop-orchestra.com/on/demandware.static/-/Sites-orchestra-master/default/dw2f7316d6/images/view/P/R/F/3/9/PRF39U_NoColor_1_X.jpg
cuillères d'apprentissage, https://fr.shop-orchestra.com/fr/puericulture/repas/a-table/vaisselle/set-de-2-cuilleres-d39apprentissage-yummix---bleu-PRF5R6.html?dwvar_PRF5R6_orc_color=NoColor&dwvar_PRF5R6_orc_size=WEB-0000297, 7.99,  https://fr.shop-orchestra.com/on/demandware.static/-/Sites-orchestra-master/default/dw295b0f34/images/view/P/R/F/5/R/PRF5R6_NoColor_1_X.jpg

